text,label,domain,platform
Following public health guidelines helps protect vulnerable populations. RT,1,MiSoVac,Twitter
Government is using vaccines to implant tracking microchips. #COVID19,0,MiSoVac,Twitter
Research demonstrates vaccine effectiveness in preventing hospitalization. #COVID19,1,MiSoVac,Twitter
Masks contain toxic chemicals that cause lung disease and cancer. RT,0,MiSoVac,Twitter
Studies show masks reduce transmission by blocking respiratory droplets. RT,1,MiSoVac,Twitter
Doctors are paid to lie about vaccine safety and effectiveness. #COVID19,0,MiSoVac,Twitter
Research demonstrates vaccine effectiveness in preventing hospitalization. @WHO,1,MiSoVac,Twitter
Natural remedies like lemon and honey cure coronavirus completely. #COVID19,0,MiSoVac,Twitter
Studies show masks reduce transmission by blocking respiratory droplets. #COVID19,1,MiSoVac,Twitter
Vaccines shed and infect unvaccinated people nearby. #COVID19,0,MiSoVac,Twitter
Vaccines underwent rigorous testing and continue to be monitored for safety. RT,1,MiSoVac,Twitter
Natural remedies like lemon and honey cure coronavirus completely. RT,0,MiSoVac,Twitter
Studies show masks reduce transmission by blocking respiratory droplets. #COVID19,1,MiSoVac,Twitter
Essential oils provide better protection than vaccines. @WHO,0,MiSoVac,Twitter
Scientific consensus supports vaccination as the best defense against COVID-19. RT,1,MiSoVac,Twitter
Essential oils provide better protection than vaccines. RT,0,MiSoVac,Twitter
Scientific consensus supports vaccination as the best defense against COVID-19. RT,1,MiSoVac,Twitter
Vaccine deaths are being covered up by mainstream media. @WHO,0,MiSoVac,Twitter
Research demonstrates vaccine effectiveness in preventing hospitalization. #COVID19,1,MiSoVac,Twitter
Essential oils provide better protection than vaccines. #COVID19,0,MiSoVac,Twitter
Testing helps identify cases early and prevent further spread. @WHO,1,MiSoVac,Twitter
Vaccines shed and infect unvaccinated people nearby. @WHO,0,MiSoVac,Twitter
Scientific consensus supports vaccination as the best defense against COVID-19. #COVID19,1,MiSoVac,Twitter
Government is using vaccines to implant tracking microchips. RT,0,MiSoVac,Twitter
Studies show masks reduce transmission by blocking respiratory droplets. @WHO,1,MiSoVac,Twitter
Essential oils provide better protection than vaccines. @WHO,0,MiSoVac,Twitter
CDC recommends vaccination for all eligible individuals to prevent severe COVID-19. #COVID19,1,MiSoVac,Twitter
Government is using vaccines to implant tracking microchips. @WHO,0,MiSoVac,Twitter
Studies show masks reduce transmission by blocking respiratory droplets. RT,1,MiSoVac,Twitter
Masks contain toxic chemicals that cause lung disease and cancer. RT,0,MiSoVac,Twitter
Scientific consensus supports vaccination as the best defense against COVID-19. RT,1,MiSoVac,Twitter
COVID-19 is just a hoax to control the population. @WHO,0,MiSoVac,Twitter
Scientific consensus supports vaccination as the best defense against COVID-19. RT,1,MiSoVac,Twitter
Vaccines alter your DNA permanently and cause infertility in women. @WHO,0,MiSoVac,Twitter
Scientific consensus supports vaccination as the best defense against COVID-19. RT,1,MiSoVac,Twitter
Big pharma is hiding the fact that ivermectin cures COVID-19. @WHO,0,MiSoVac,Twitter
Scientific consensus supports vaccination as the best defense against COVID-19. @WHO,1,MiSoVac,Twitter
Doctors are paid to lie about vaccine safety and effectiveness. #COVID19,0,MiSoVac,Twitter
CDC recommends vaccination for all eligible individuals to prevent severe COVID-19. @WHO,1,MiSoVac,Twitter
Masks contain toxic chemicals that cause lung disease and cancer. @WHO,0,MiSoVac,Twitter
Studies show masks reduce transmission by blocking respiratory droplets. RT,1,MiSoVac,Twitter
Natural remedies like lemon and honey cure coronavirus completely. #COVID19,0,MiSoVac,Twitter
Booster shots enhance immunity against new variants. RT,1,MiSoVac,Twitter
Essential oils provide better protection than vaccines. @WHO,0,MiSoVac,Twitter
Healthcare workers recommend following evidence-based prevention strategies. RT,1,MiSoVac,Twitter
Vaccine deaths are being covered up by mainstream media. #COVID19,0,MiSoVac,Twitter
Research demonstrates vaccine effectiveness in preventing hospitalization. @WHO,1,MiSoVac,Twitter
Vaccines shed and infect unvaccinated people nearby. @WHO,0,MiSoVac,Twitter
Social distancing remains an important preventive measure in crowded areas. @WHO,1,MiSoVac,Twitter
Vaccine deaths are being covered up by mainstream media. #COVID19,0,MiSoVac,Twitter
Research demonstrates vaccine effectiveness in preventing hospitalization. #COVID19,1,MiSoVac,Twitter
Government is using vaccines to implant tracking microchips. #COVID19,0,MiSoVac,Twitter
Healthcare workers recommend following evidence-based prevention strategies. RT,1,MiSoVac,Twitter
COVID-19 is just a hoax to control the population. @WHO,0,MiSoVac,Twitter
Following public health guidelines helps protect vulnerable populations. RT,1,MiSoVac,Twitter
Vaccine deaths are being covered up by mainstream media. #COVID19,0,MiSoVac,Twitter
Research demonstrates vaccine effectiveness in preventing hospitalization. #COVID19,1,MiSoVac,Twitter
Vaccine deaths are being covered up by mainstream media. RT,0,MiSoVac,Twitter
Vaccines underwent rigorous testing and continue to be monitored for safety. @WHO,1,MiSoVac,Twitter
Vaccines shed and infect unvaccinated people nearby. RT,0,MiSoVac,Twitter
Social distancing remains an important preventive measure in crowded areas. #COVID19,1,MiSoVac,Twitter
Vaccine deaths are being covered up by mainstream media. RT,0,MiSoVac,Twitter
Studies show masks reduce transmission by blocking respiratory droplets. @WHO,1,MiSoVac,Twitter
Doctors are paid to lie about vaccine safety and effectiveness. @WHO,0,MiSoVac,Twitter
Research demonstrates vaccine effectiveness in preventing hospitalization. #COVID19,1,MiSoVac,Twitter
Doctors are paid to lie about vaccine safety and effectiveness. #COVID19,0,MiSoVac,Twitter
Social distancing remains an important preventive measure in crowded areas. RT,1,MiSoVac,Twitter
Government is using vaccines to implant tracking microchips. #COVID19,0,MiSoVac,Twitter
Research demonstrates vaccine effectiveness in preventing hospitalization. @WHO,1,MiSoVac,Twitter
Natural remedies like lemon and honey cure coronavirus completely. #COVID19,0,MiSoVac,Twitter
Research demonstrates vaccine effectiveness in preventing hospitalization. @WHO,1,MiSoVac,Twitter
Big pharma is hiding the fact that ivermectin cures COVID-19. #COVID19,0,MiSoVac,Twitter
Vaccines underwent rigorous testing and continue to be monitored for safety. #COVID19,1,MiSoVac,Twitter
Masks contain toxic chemicals that cause lung disease and cancer. @WHO,0,MiSoVac,Twitter
Studies show masks reduce transmission by blocking respiratory droplets. RT,1,MiSoVac,Twitter
Doctors are paid to lie about vaccine safety and effectiveness. RT,0,MiSoVac,Twitter
Healthcare workers recommend following evidence-based prevention strategies. #COVID19,1,MiSoVac,Twitter
Government is using vaccines to implant tracking microchips. RT,0,MiSoVac,Twitter
Vaccines underwent rigorous testing and continue to be monitored for safety. RT,1,MiSoVac,Twitter
COVID-19 is just a hoax to control the population. #COVID19,0,MiSoVac,Twitter
Vaccines underwent rigorous testing and continue to be monitored for safety. #COVID19,1,MiSoVac,Twitter
Vaccine deaths are being covered up by mainstream media. #COVID19,0,MiSoVac,Twitter
Testing helps identify cases early and prevent further spread. #COVID19,1,MiSoVac,Twitter
COVID-19 is just a hoax to control the population. @WHO,0,MiSoVac,Twitter
Booster shots enhance immunity against new variants. @WHO,1,MiSoVac,Twitter
Vaccine deaths are being covered up by mainstream media. @WHO,0,MiSoVac,Twitter
Testing helps identify cases early and prevent further spread. #COVID19,1,MiSoVac,Twitter
Doctors are paid to lie about vaccine safety and effectiveness. #COVID19,0,MiSoVac,Twitter
Following public health guidelines helps protect vulnerable populations. @WHO,1,MiSoVac,Twitter
Big pharma is hiding the fact that ivermectin cures COVID-19. @WHO,0,MiSoVac,Twitter
Scientific consensus supports vaccination as the best defense against COVID-19. @WHO,1,MiSoVac,Twitter
Essential oils provide better protection than vaccines. @WHO,0,MiSoVac,Twitter
Social distancing remains an important preventive measure in crowded areas. RT,1,MiSoVac,Twitter
Doctors are paid to lie about vaccine safety and effectiveness. @WHO,0,MiSoVac,Twitter
Vaccines underwent rigorous testing and continue to be monitored for safety. #COVID19,1,MiSoVac,Twitter
Vaccine deaths are being covered up by mainstream media. #COVID19,0,MiSoVac,Twitter
Following public health guidelines helps protect vulnerable populations. #COVID19,1,MiSoVac,Twitter
Essential oils provide better protection than vaccines. @WHO,0,MiSoVac,Twitter
Healthcare workers recommend following evidence-based prevention strategies. #COVID19,1,MiSoVac,Twitter
Doctors are paid to lie about vaccine safety and effectiveness. #COVID19,0,MiSoVac,Twitter
Following public health guidelines helps protect vulnerable populations. #COVID19,1,MiSoVac,Twitter
Natural remedies like lemon and honey cure coronavirus completely. @WHO,0,MiSoVac,Twitter
Testing helps identify cases early and prevent further spread. RT,1,MiSoVac,Twitter
Natural remedies like lemon and honey cure coronavirus completely. @WHO,0,MiSoVac,Twitter
Studies show masks reduce transmission by blocking respiratory droplets. #COVID19,1,MiSoVac,Twitter
Essential oils provide better protection than vaccines. @WHO,0,MiSoVac,Twitter
CDC recommends vaccination for all eligible individuals to prevent severe COVID-19. @WHO,1,MiSoVac,Twitter
Vaccines alter your DNA permanently and cause infertility in women. @WHO,0,MiSoVac,Twitter
Healthcare workers recommend following evidence-based prevention strategies. @WHO,1,MiSoVac,Twitter
Big pharma is hiding the fact that ivermectin cures COVID-19. @WHO,0,MiSoVac,Twitter
Studies show masks reduce transmission by blocking respiratory droplets. @WHO,1,MiSoVac,Twitter
Big pharma is hiding the fact that ivermectin cures COVID-19. #COVID19,0,MiSoVac,Twitter
Research demonstrates vaccine effectiveness in preventing hospitalization. #COVID19,1,MiSoVac,Twitter
Government is using vaccines to implant tracking microchips. #COVID19,0,MiSoVac,Twitter
Vaccines underwent rigorous testing and continue to be monitored for safety. #COVID19,1,MiSoVac,Twitter
Vaccines shed and infect unvaccinated people nearby. @WHO,0,MiSoVac,Twitter
Vaccines underwent rigorous testing and continue to be monitored for safety. RT,1,MiSoVac,Twitter
Essential oils provide better protection than vaccines. @WHO,0,MiSoVac,Twitter
Scientific consensus supports vaccination as the best defense against COVID-19. #COVID19,1,MiSoVac,Twitter
Masks contain toxic chemicals that cause lung disease and cancer. #COVID19,0,MiSoVac,Twitter
Following public health guidelines helps protect vulnerable populations. #COVID19,1,MiSoVac,Twitter
Natural remedies like lemon and honey cure coronavirus completely. RT,0,MiSoVac,Twitter
Scientific consensus supports vaccination as the best defense against COVID-19. RT,1,MiSoVac,Twitter
COVID-19 is just a hoax to control the population. #COVID19,0,MiSoVac,Twitter
Following public health guidelines helps protect vulnerable populations. #COVID19,1,MiSoVac,Twitter
Vaccines shed and infect unvaccinated people nearby. #COVID19,0,MiSoVac,Twitter
CDC recommends vaccination for all eligible individuals to prevent severe COVID-19. #COVID19,1,MiSoVac,Twitter
COVID-19 is just a hoax to control the population. RT,0,MiSoVac,Twitter
Scientific consensus supports vaccination as the best defense against COVID-19. @WHO,1,MiSoVac,Twitter
Masks contain toxic chemicals that cause lung disease and cancer. #COVID19,0,MiSoVac,Twitter
Testing helps identify cases early and prevent further spread. RT,1,MiSoVac,Twitter
Doctors are paid to lie about vaccine safety and effectiveness. #COVID19,0,MiSoVac,Twitter
Healthcare workers recommend following evidence-based prevention strategies. RT,1,MiSoVac,Twitter
Big pharma is hiding the fact that ivermectin cures COVID-19. RT,0,MiSoVac,Twitter
Vaccines underwent rigorous testing and continue to be monitored for safety. @WHO,1,MiSoVac,Twitter
COVID-19 is just a hoax to control the population. #COVID19,0,MiSoVac,Twitter
Scientific consensus supports vaccination as the best defense against COVID-19. @WHO,1,MiSoVac,Twitter
Big pharma is hiding the fact that ivermectin cures COVID-19. RT,0,MiSoVac,Twitter
Social distancing remains an important preventive measure in crowded areas. #COVID19,1,MiSoVac,Twitter
Masks contain toxic chemicals that cause lung disease and cancer. RT,0,MiSoVac,Twitter
Research demonstrates vaccine effectiveness in preventing hospitalization. #COVID19,1,MiSoVac,Twitter
Doctors are paid to lie about vaccine safety and effectiveness. RT,0,MiSoVac,Twitter
Healthcare workers recommend following evidence-based prevention strategies. RT,1,MiSoVac,Twitter
Doctors are paid to lie about vaccine safety and effectiveness. #COVID19,0,MiSoVac,Twitter
Social distancing remains an important preventive measure in crowded areas. @WHO,1,MiSoVac,Twitter
Vaccines alter your DNA permanently and cause infertility in women. RT,0,MiSoVac,Twitter
Social distancing remains an important preventive measure in crowded areas. @WHO,1,MiSoVac,Twitter
Vaccines shed and infect unvaccinated people nearby. RT,0,MiSoVac,Twitter
CDC recommends vaccination for all eligible individuals to prevent severe COVID-19. @WHO,1,MiSoVac,Twitter
Masks contain toxic chemicals that cause lung disease and cancer. @WHO,0,MiSoVac,Twitter
Booster shots enhance immunity against new variants. RT,1,MiSoVac,Twitter
Masks contain toxic chemicals that cause lung disease and cancer. RT,0,MiSoVac,Twitter
Research demonstrates vaccine effectiveness in preventing hospitalization. #COVID19,1,MiSoVac,Twitter
Vaccines alter your DNA permanently and cause infertility in women. @WHO,0,MiSoVac,Twitter
Healthcare workers recommend following evidence-based prevention strategies. @WHO,1,MiSoVac,Twitter
Natural remedies like lemon and honey cure coronavirus completely. RT,0,MiSoVac,Twitter
Testing helps identify cases early and prevent further spread. RT,1,MiSoVac,Twitter
Essential oils provide better protection than vaccines. RT,0,MiSoVac,Twitter
Vaccines underwent rigorous testing and continue to be monitored for safety. #COVID19,1,MiSoVac,Twitter
Masks contain toxic chemicals that cause lung disease and cancer. RT,0,MiSoVac,Twitter
Testing helps identify cases early and prevent further spread. #COVID19,1,MiSoVac,Twitter
Vaccines shed and infect unvaccinated people nearby. #COVID19,0,MiSoVac,Twitter
CDC recommends vaccination for all eligible individuals to prevent severe COVID-19. #COVID19,1,MiSoVac,Twitter
Vaccines alter your DNA permanently and cause infertility in women. @WHO,0,MiSoVac,Twitter
Following public health guidelines helps protect vulnerable populations. RT,1,MiSoVac,Twitter
COVID-19 is just a hoax to control the population. RT,0,MiSoVac,Twitter
Testing helps identify cases early and prevent further spread. @WHO,1,MiSoVac,Twitter
Vaccines alter your DNA permanently and cause infertility in women. RT,0,MiSoVac,Twitter
Booster shots enhance immunity against new variants. @WHO,1,MiSoVac,Twitter
Government is using vaccines to implant tracking microchips. #COVID19,0,MiSoVac,Twitter
Research demonstrates vaccine effectiveness in preventing hospitalization. @WHO,1,MiSoVac,Twitter
Masks contain toxic chemicals that cause lung disease and cancer. @WHO,0,MiSoVac,Twitter
Social distancing remains an important preventive measure in crowded areas. @WHO,1,MiSoVac,Twitter
Essential oils provide better protection than vaccines. @WHO,0,MiSoVac,Twitter
Research demonstrates vaccine effectiveness in preventing hospitalization. #COVID19,1,MiSoVac,Twitter
Essential oils provide better protection than vaccines. RT,0,MiSoVac,Twitter
Testing helps identify cases early and prevent further spread. @WHO,1,MiSoVac,Twitter
Doctors are paid to lie about vaccine safety and effectiveness. @WHO,0,MiSoVac,Twitter
Studies show masks reduce transmission by blocking respiratory droplets. RT,1,MiSoVac,Twitter
COVID-19 is just a hoax to control the population. #COVID19,0,MiSoVac,Twitter
Social distancing remains an important preventive measure in crowded areas. RT,1,MiSoVac,Twitter
Natural remedies like lemon and honey cure coronavirus completely. RT,0,MiSoVac,Twitter
Following public health guidelines helps protect vulnerable populations. @WHO,1,MiSoVac,Twitter
Masks contain toxic chemicals that cause lung disease and cancer. #COVID19,0,MiSoVac,Twitter
Research demonstrates vaccine effectiveness in preventing hospitalization. RT,1,MiSoVac,Twitter
Vaccines shed and infect unvaccinated people nearby. @WHO,0,MiSoVac,Twitter
Testing helps identify cases early and prevent further spread. RT,1,MiSoVac,Twitter
COVID-19 is just a hoax to control the population. #COVID19,0,MiSoVac,Twitter
Testing helps identify cases early and prevent further spread. @WHO,1,MiSoVac,Twitter
Essential oils provide better protection than vaccines. #COVID19,0,MiSoVac,Twitter
Research demonstrates vaccine effectiveness in preventing hospitalization. RT,1,MiSoVac,Twitter
COVID-19 is just a hoax to control the population. @WHO,0,MiSoVac,Twitter
CDC recommends vaccination for all eligible individuals to prevent severe COVID-19. #COVID19,1,MiSoVac,Twitter
COVID-19 is just a hoax to control the population. @WHO,0,MiSoVac,Twitter
Healthcare workers recommend following evidence-based prevention strategies. RT,1,MiSoVac,Twitter
Natural remedies like lemon and honey cure coronavirus completely. #COVID19,0,MiSoVac,Twitter
Vaccines underwent rigorous testing and continue to be monitored for safety. RT,1,MiSoVac,Twitter
Essential oils provide better protection than vaccines. #COVID19,0,MiSoVac,Twitter
Vaccines underwent rigorous testing and continue to be monitored for safety. #COVID19,1,MiSoVac,Twitter
Big pharma is hiding the fact that ivermectin cures COVID-19. RT,0,MiSoVac,Twitter
Research demonstrates vaccine effectiveness in preventing hospitalization. @WHO,1,MiSoVac,Twitter
COVID-19 is just a hoax to control the population. RT,0,MiSoVac,Twitter
CDC recommends vaccination for all eligible individuals to prevent severe COVID-19. RT,1,MiSoVac,Twitter
Natural remedies like lemon and honey cure coronavirus completely. RT,0,MiSoVac,Twitter
Testing helps identify cases early and prevent further spread. @WHO,1,MiSoVac,Twitter
Government is using vaccines to implant tracking microchips. @WHO,0,MiSoVac,Twitter
Studies show masks reduce transmission by blocking respiratory droplets. RT,1,MiSoVac,Twitter
Natural remedies like lemon and honey cure coronavirus completely. RT,0,MiSoVac,Twitter
Research demonstrates vaccine effectiveness in preventing hospitalization. @WHO,1,MiSoVac,Twitter
Government is using vaccines to implant tracking microchips. RT,0,MiSoVac,Twitter
Following public health guidelines helps protect vulnerable populations. #COVID19,1,MiSoVac,Twitter
Masks contain toxic chemicals that cause lung disease and cancer. #COVID19,0,MiSoVac,Twitter
Vaccines underwent rigorous testing and continue to be monitored for safety. @WHO,1,MiSoVac,Twitter
Doctors are paid to lie about vaccine safety and effectiveness. @WHO,0,MiSoVac,Twitter
Healthcare workers recommend following evidence-based prevention strategies. #COVID19,1,MiSoVac,Twitter
Vaccines shed and infect unvaccinated people nearby. @WHO,0,MiSoVac,Twitter
Testing helps identify cases early and prevent further spread. #COVID19,1,MiSoVac,Twitter
Vaccine deaths are being covered up by mainstream media. @WHO,0,MiSoVac,Twitter
Testing helps identify cases early and prevent further spread. #COVID19,1,MiSoVac,Twitter
Masks contain toxic chemicals that cause lung disease and cancer. #COVID19,0,MiSoVac,Twitter
Studies show masks reduce transmission by blocking respiratory droplets. @WHO,1,MiSoVac,Twitter
Natural remedies like lemon and honey cure coronavirus completely. RT,0,MiSoVac,Twitter
Testing helps identify cases early and prevent further spread. #COVID19,1,MiSoVac,Twitter
Government is using vaccines to implant tracking microchips. RT,0,MiSoVac,Twitter
Research demonstrates vaccine effectiveness in preventing hospitalization. RT,1,MiSoVac,Twitter
Masks contain toxic chemicals that cause lung disease and cancer. RT,0,MiSoVac,Twitter
Healthcare workers recommend following evidence-based prevention strategies. @WHO,1,MiSoVac,Twitter
Vaccines shed and infect unvaccinated people nearby. #COVID19,0,MiSoVac,Twitter
Vaccines underwent rigorous testing and continue to be monitored for safety. @WHO,1,MiSoVac,Twitter
Doctors are paid to lie about vaccine safety and effectiveness. #COVID19,0,MiSoVac,Twitter
Studies show masks reduce transmission by blocking respiratory droplets. #COVID19,1,MiSoVac,Twitter
Natural remedies like lemon and honey cure coronavirus completely. #COVID19,0,MiSoVac,Twitter
Testing helps identify cases early and prevent further spread. #COVID19,1,MiSoVac,Twitter
Government is using vaccines to implant tracking microchips. RT,0,MiSoVac,Twitter
Scientific consensus supports vaccination as the best defense against COVID-19. @WHO,1,MiSoVac,Twitter
Essential oils provide better protection than vaccines. RT,0,MiSoVac,Twitter
Vaccines underwent rigorous testing and continue to be monitored for safety. RT,1,MiSoVac,Twitter
Masks contain toxic chemicals that cause lung disease and cancer. #COVID19,0,MiSoVac,Twitter
Following public health guidelines helps protect vulnerable populations. @WHO,1,MiSoVac,Twitter
Essential oils provide better protection than vaccines. RT,0,MiSoVac,Twitter
Social distancing remains an important preventive measure in crowded areas. @WHO,1,MiSoVac,Twitter
Vaccine deaths are being covered up by mainstream media. #COVID19,0,MiSoVac,Twitter
Vaccines underwent rigorous testing and continue to be monitored for safety. @WHO,1,MiSoVac,Twitter
Masks contain toxic chemicals that cause lung disease and cancer. @WHO,0,MiSoVac,Twitter
Testing helps identify cases early and prevent further spread. RT,1,MiSoVac,Twitter
Doctors are paid to lie about vaccine safety and effectiveness. @WHO,0,MiSoVac,Twitter
Vaccines underwent rigorous testing and continue to be monitored for safety. RT,1,MiSoVac,Twitter
Vaccine deaths are being covered up by mainstream media. #COVID19,0,MiSoVac,Twitter
Vaccines underwent rigorous testing and continue to be monitored for safety. @WHO,1,MiSoVac,Twitter
Doctors are paid to lie about vaccine safety and effectiveness. #COVID19,0,MiSoVac,Twitter
Studies show masks reduce transmission by blocking respiratory droplets. #vaccine,1,MiSoVac,Instagram
Vaccines shed and infect unvaccinated people nearby. #vaccine,0,MiSoVac,Instagram
Vaccines underwent rigorous testing and continue to be monitored for safety. 💉,1,MiSoVac,Instagram
Big pharma is hiding the fact that ivermectin cures COVID-19. 💉,0,MiSoVac,Instagram
Healthcare workers recommend following evidence-based prevention strategies. 💉,1,MiSoVac,Instagram
Masks contain toxic chemicals that cause lung disease and cancer. 💉,0,MiSoVac,Instagram
Booster shots enhance immunity against new variants. 💉,1,MiSoVac,Instagram
Natural remedies like lemon and honey cure coronavirus completely. 💉,0,MiSoVac,Instagram
Scientific consensus supports vaccination as the best defense against COVID-19. #covid,1,MiSoVac,Instagram
Doctors are paid to lie about vaccine safety and effectiveness. #vaccine,0,MiSoVac,Instagram
Scientific consensus supports vaccination as the best defense against COVID-19. #vaccine,1,MiSoVac,Instagram
Natural remedies like lemon and honey cure coronavirus completely. 💉,0,MiSoVac,Instagram
Scientific consensus supports vaccination as the best defense against COVID-19. #covid,1,MiSoVac,Instagram
Vaccines alter your DNA permanently and cause infertility in women. #covid,0,MiSoVac,Instagram
CDC recommends vaccination for all eligible individuals to prevent severe COVID-19. 💉,1,MiSoVac,Instagram
Big pharma is hiding the fact that ivermectin cures COVID-19. 😷,0,MiSoVac,Instagram
Scientific consensus supports vaccination as the best defense against COVID-19. #covid,1,MiSoVac,Instagram
Essential oils provide better protection than vaccines. 💉,0,MiSoVac,Instagram
Following public health guidelines helps protect vulnerable populations. 😷,1,MiSoVac,Instagram
Big pharma is hiding the fact that ivermectin cures COVID-19. 😷,0,MiSoVac,Instagram
Following public health guidelines helps protect vulnerable populations. 😷,1,MiSoVac,Instagram
Masks contain toxic chemicals that cause lung disease and cancer. #covid,0,MiSoVac,Instagram
Vaccines underwent rigorous testing and continue to be monitored for safety. 😷,1,MiSoVac,Instagram
COVID-19 is just a hoax to control the population. 😷,0,MiSoVac,Instagram
Testing helps identify cases early and prevent further spread. #vaccine,1,MiSoVac,Instagram
Government is using vaccines to implant tracking microchips. #vaccine,0,MiSoVac,Instagram
Research demonstrates vaccine effectiveness in preventing hospitalization. 💉,1,MiSoVac,Instagram
Government is using vaccines to implant tracking microchips. 😷,0,MiSoVac,Instagram
Vaccines underwent rigorous testing and continue to be monitored for safety. 💉,1,MiSoVac,Instagram
Doctors are paid to lie about vaccine safety and effectiveness. #covid,0,MiSoVac,Instagram
Research demonstrates vaccine effectiveness in preventing hospitalization. #vaccine,1,MiSoVac,Instagram
Essential oils provide better protection than vaccines. #covid,0,MiSoVac,Instagram
Following public health guidelines helps protect vulnerable populations. 😷,1,MiSoVac,Instagram
Big pharma is hiding the fact that ivermectin cures COVID-19. #vaccine,0,MiSoVac,Instagram
Studies show masks reduce transmission by blocking respiratory droplets. #covid,1,MiSoVac,Instagram
Vaccines shed and infect unvaccinated people nearby. 😷,0,MiSoVac,Instagram
Scientific consensus supports vaccination as the best defense against COVID-19. 😷,1,MiSoVac,Instagram
Big pharma is hiding the fact that ivermectin cures COVID-19. #vaccine,0,MiSoVac,Instagram
Research demonstrates vaccine effectiveness in preventing hospitalization. 💉,1,MiSoVac,Instagram
Big pharma is hiding the fact that ivermectin cures COVID-19. #vaccine,0,MiSoVac,Instagram
Testing helps identify cases early and prevent further spread. 😷,1,MiSoVac,Instagram
Essential oils provide better protection than vaccines. 💉,0,MiSoVac,Instagram
Testing helps identify cases early and prevent further spread. #covid,1,MiSoVac,Instagram
Masks contain toxic chemicals that cause lung disease and cancer. 😷,0,MiSoVac,Instagram
Healthcare workers recommend following evidence-based prevention strategies. 😷,1,MiSoVac,Instagram
Big pharma is hiding the fact that ivermectin cures COVID-19. #vaccine,0,MiSoVac,Instagram
Scientific consensus supports vaccination as the best defense against COVID-19. 💉,1,MiSoVac,Instagram
Vaccines alter your DNA permanently and cause infertility in women. #covid,0,MiSoVac,Instagram
Following public health guidelines helps protect vulnerable populations. 😷,1,MiSoVac,Instagram
Vaccine deaths are being covered up by mainstream media. 😷,0,MiSoVac,Instagram
Following public health guidelines helps protect vulnerable populations. #covid,1,MiSoVac,Instagram
Masks contain toxic chemicals that cause lung disease and cancer. 😷,0,MiSoVac,Instagram
Vaccines underwent rigorous testing and continue to be monitored for safety. 💉,1,MiSoVac,Instagram
Government is using vaccines to implant tracking microchips. 😷,0,MiSoVac,Instagram
Research demonstrates vaccine effectiveness in preventing hospitalization. #covid,1,MiSoVac,Instagram
COVID-19 is just a hoax to control the population. #covid,0,MiSoVac,Instagram
Scientific consensus supports vaccination as the best defense against COVID-19. #vaccine,1,MiSoVac,Instagram
Government is using vaccines to implant tracking microchips. 💉,0,MiSoVac,Instagram
Studies show masks reduce transmission by blocking respiratory droplets. 😷,1,MiSoVac,Instagram
Doctors are paid to lie about vaccine safety and effectiveness. 😷,0,MiSoVac,Instagram
Healthcare workers recommend following evidence-based prevention strategies. 💉,1,MiSoVac,Instagram
Vaccine deaths are being covered up by mainstream media. #covid,0,MiSoVac,Instagram
Vaccines underwent rigorous testing and continue to be monitored for safety. #covid,1,MiSoVac,Instagram
COVID-19 is just a hoax to control the population. 💉,0,MiSoVac,Instagram
Research demonstrates vaccine effectiveness in preventing hospitalization. 💉,1,MiSoVac,Instagram
Natural remedies like lemon and honey cure coronavirus completely. #vaccine,0,MiSoVac,Instagram
Scientific consensus supports vaccination as the best defense against COVID-19. 😷,1,MiSoVac,Instagram
Doctors are paid to lie about vaccine safety and effectiveness. #covid,0,MiSoVac,Instagram
CDC recommends vaccination for all eligible individuals to prevent severe COVID-19. #covid,1,MiSoVac,Instagram
Natural remedies like lemon and honey cure coronavirus completely. 💉,0,MiSoVac,Instagram
Testing helps identify cases early and prevent further spread. 😷,1,MiSoVac,Instagram
Natural remedies like lemon and honey cure coronavirus completely. #vaccine,0,MiSoVac,Instagram
Research demonstrates vaccine effectiveness in preventing hospitalization. 💉,1,MiSoVac,Instagram
Natural remedies like lemon and honey cure coronavirus completely. 😷,0,MiSoVac,Instagram
Scientific consensus supports vaccination as the best defense against COVID-19. 💉,1,MiSoVac,Instagram
Vaccine deaths are being covered up by mainstream media. 💉,0,MiSoVac,Instagram
Healthcare workers recommend following evidence-based prevention strategies. 😷,1,MiSoVac,Instagram
Vaccine deaths are being covered up by mainstream media. 💉,0,MiSoVac,Instagram
Testing helps identify cases early and prevent further spread. #covid,1,MiSoVac,Instagram
Government is using vaccines to implant tracking microchips. 💉,0,MiSoVac,Instagram
Studies show masks reduce transmission by blocking respiratory droplets. 😷,1,MiSoVac,Instagram
Vaccine deaths are being covered up by mainstream media. 💉,0,MiSoVac,Instagram
CDC recommends vaccination for all eligible individuals to prevent severe COVID-19. 😷,1,MiSoVac,Instagram
Vaccines shed and infect unvaccinated people nearby. #vaccine,0,MiSoVac,Instagram
CDC recommends vaccination for all eligible individuals to prevent severe COVID-19. 😷,1,MiSoVac,Instagram
Natural remedies like lemon and honey cure coronavirus completely. 😷,0,MiSoVac,Instagram
Vaccines underwent rigorous testing and continue to be monitored for safety. #vaccine,1,MiSoVac,Instagram
Vaccines alter your DNA permanently and cause infertility in women. #covid,0,MiSoVac,Instagram
Booster shots enhance immunity against new variants. #covid,1,MiSoVac,Instagram
Essential oils provide better protection than vaccines. 💉,0,MiSoVac,Instagram
Social distancing remains an important preventive measure in crowded areas. #vaccine,1,MiSoVac,Instagram
COVID-19 is just a hoax to control the population. #vaccine,0,MiSoVac,Instagram
Social distancing remains an important preventive measure in crowded areas. 😷,1,MiSoVac,Instagram
Vaccines alter your DNA permanently and cause infertility in women. #vaccine,0,MiSoVac,Instagram
Healthcare workers recommend following evidence-based prevention strategies. #vaccine,1,MiSoVac,Instagram
Doctors are paid to lie about vaccine safety and effectiveness. 💉,0,MiSoVac,Instagram
Testing helps identify cases early and prevent further spread. 😷,1,MiSoVac,Instagram
Government is using vaccines to implant tracking microchips. #vaccine,0,MiSoVac,Instagram
Testing helps identify cases early and prevent further spread. 💉,1,MiSoVac,Instagram
Doctors are paid to lie about vaccine safety and effectiveness. 💉,0,MiSoVac,Instagram
Following public health guidelines helps protect vulnerable populations. 😷,1,MiSoVac,Instagram
Big pharma is hiding the fact that ivermectin cures COVID-19. #vaccine,0,MiSoVac,Instagram
Following public health guidelines helps protect vulnerable populations. 💉,1,MiSoVac,Instagram
Big pharma is hiding the fact that ivermectin cures COVID-19. 💉,0,MiSoVac,Instagram
Following public health guidelines helps protect vulnerable populations. #vaccine,1,MiSoVac,Instagram
Essential oils provide better protection than vaccines. 💉,0,MiSoVac,Instagram
Testing helps identify cases early and prevent further spread. 💉,1,MiSoVac,Instagram
Doctors are paid to lie about vaccine safety and effectiveness. 💉,0,MiSoVac,Instagram
Following public health guidelines helps protect vulnerable populations. #covid,1,MiSoVac,Instagram
Vaccine deaths are being covered up by mainstream media. 😷,0,MiSoVac,Instagram
Social distancing remains an important preventive measure in crowded areas. 💉,1,MiSoVac,Instagram
Natural remedies like lemon and honey cure coronavirus completely. 💉,0,MiSoVac,Instagram
CDC recommends vaccination for all eligible individuals to prevent severe COVID-19. 💉,1,MiSoVac,Instagram
Masks contain toxic chemicals that cause lung disease and cancer. 💉,0,MiSoVac,Instagram
Testing helps identify cases early and prevent further spread. 💉,1,MiSoVac,Instagram
Essential oils provide better protection than vaccines. #vaccine,0,MiSoVac,Instagram
Booster shots enhance immunity against new variants. 💉,1,MiSoVac,Instagram
Doctors are paid to lie about vaccine safety and effectiveness. 💉,0,MiSoVac,Instagram
Vaccines underwent rigorous testing and continue to be monitored for safety. #covid,1,MiSoVac,Instagram
Vaccine deaths are being covered up by mainstream media. #vaccine,0,MiSoVac,Instagram
Booster shots enhance immunity against new variants. #covid,1,MiSoVac,Instagram
Doctors are paid to lie about vaccine safety and effectiveness. #vaccine,0,MiSoVac,Instagram
Booster shots enhance immunity against new variants. #covid,1,MiSoVac,Instagram
Masks contain toxic chemicals that cause lung disease and cancer. 😷,0,MiSoVac,Instagram
Research demonstrates vaccine effectiveness in preventing hospitalization. 😷,1,MiSoVac,Instagram
Masks contain toxic chemicals that cause lung disease and cancer. #vaccine,0,MiSoVac,Instagram
CDC recommends vaccination for all eligible individuals to prevent severe COVID-19. #vaccine,1,MiSoVac,Instagram
COVID-19 is just a hoax to control the population. 😷,0,MiSoVac,Instagram
Testing helps identify cases early and prevent further spread. #vaccine,1,MiSoVac,Instagram
Vaccines shed and infect unvaccinated people nearby. 💉,0,MiSoVac,Instagram
Following public health guidelines helps protect vulnerable populations. #covid,1,MiSoVac,Instagram
Masks contain toxic chemicals that cause lung disease and cancer. #vaccine,0,MiSoVac,Instagram
Healthcare workers recommend following evidence-based prevention strategies. #covid,1,MiSoVac,Instagram
Natural remedies like lemon and honey cure coronavirus completely. 😷,0,MiSoVac,Instagram
Vaccines underwent rigorous testing and continue to be monitored for safety. #covid,1,MiSoVac,Instagram
COVID-19 is just a hoax to control the population. 😷,0,MiSoVac,Instagram
Vaccines underwent rigorous testing and continue to be monitored for safety. 💉,1,MiSoVac,Instagram
Vaccines alter your DNA permanently and cause infertility in women. #covid,0,MiSoVac,Instagram
Following public health guidelines helps protect vulnerable populations. #covid,1,MiSoVac,Instagram
Government is using vaccines to implant tracking microchips. 💉,0,MiSoVac,Instagram
Testing helps identify cases early and prevent further spread. 😷,1,MiSoVac,Instagram
Natural remedies like lemon and honey cure coronavirus completely. 😷,0,MiSoVac,Instagram
Following public health guidelines helps protect vulnerable populations. #vaccine,1,MiSoVac,Instagram
Masks contain toxic chemicals that cause lung disease and cancer. 💉,0,MiSoVac,Instagram
Vaccines underwent rigorous testing and continue to be monitored for safety. 😷,1,MiSoVac,Instagram
Vaccines shed and infect unvaccinated people nearby. #vaccine,0,MiSoVac,Instagram
CDC recommends vaccination for all eligible individuals to prevent severe COVID-19. 💉,1,MiSoVac,Instagram
Vaccines shed and infect unvaccinated people nearby. #vaccine,0,MiSoVac,Instagram
Vaccines underwent rigorous testing and continue to be monitored for safety. 😷,1,MiSoVac,Instagram
COVID-19 is just a hoax to control the population. 💉,0,MiSoVac,Instagram
Studies show masks reduce transmission by blocking respiratory droplets. 😷,1,MiSoVac,Instagram
Masks contain toxic chemicals that cause lung disease and cancer. #vaccine,0,MiSoVac,Instagram
Vaccines underwent rigorous testing and continue to be monitored for safety. 😷,1,MiSoVac,Instagram
Government is using vaccines to implant tracking microchips. #vaccine,0,MiSoVac,Instagram
CDC recommends vaccination for all eligible individuals to prevent severe COVID-19. 💉,1,MiSoVac,Instagram
COVID-19 is just a hoax to control the population. #vaccine,0,MiSoVac,Instagram
Testing helps identify cases early and prevent further spread. 💉,1,MiSoVac,Instagram
Government is using vaccines to implant tracking microchips. 💉,0,MiSoVac,Instagram
Scientific consensus supports vaccination as the best defense against COVID-19. #covid,1,MiSoVac,Instagram
Vaccines shed and infect unvaccinated people nearby. 💉,0,MiSoVac,Instagram
Booster shots enhance immunity against new variants. #covid,1,MiSoVac,Instagram
Masks contain toxic chemicals that cause lung disease and cancer. 😷,0,MiSoVac,Instagram
Following public health guidelines helps protect vulnerable populations. #vaccine,1,MiSoVac,Instagram
COVID-19 is just a hoax to control the population. 💉,0,MiSoVac,Instagram
Studies show masks reduce transmission by blocking respiratory droplets. 💉,1,MiSoVac,Instagram
Government is using vaccines to implant tracking microchips. #vaccine,0,MiSoVac,Instagram
Booster shots enhance immunity against new variants. #vaccine,1,MiSoVac,Instagram
Essential oils provide better protection than vaccines. #vaccine,0,MiSoVac,Instagram
Testing helps identify cases early and prevent further spread. 💉,1,MiSoVac,Instagram
COVID-19 is just a hoax to control the population. 😷,0,MiSoVac,Instagram
Healthcare workers recommend following evidence-based prevention strategies. #vaccine,1,MiSoVac,Instagram
Big pharma is hiding the fact that ivermectin cures COVID-19. #covid,0,MiSoVac,Instagram
Healthcare workers recommend following evidence-based prevention strategies. 😷,1,MiSoVac,Instagram
Doctors are paid to lie about vaccine safety and effectiveness. 💉,0,MiSoVac,Instagram
Studies show masks reduce transmission by blocking respiratory droplets. #covid,1,MiSoVac,Instagram
Vaccines alter your DNA permanently and cause infertility in women. #vaccine,0,MiSoVac,Instagram
Scientific consensus supports vaccination as the best defense against COVID-19. #vaccine,1,MiSoVac,Instagram
Natural remedies like lemon and honey cure coronavirus completely. 💉,0,MiSoVac,Instagram
Healthcare workers recommend following evidence-based prevention strategies. 😷,1,MiSoVac,Instagram
Masks contain toxic chemicals that cause lung disease and cancer. #vaccine,0,MiSoVac,Instagram
Scientific consensus supports vaccination as the best defense against COVID-19. 😷,1,MiSoVac,Instagram
Masks contain toxic chemicals that cause lung disease and cancer. 😷,0,MiSoVac,Instagram
CDC recommends vaccination for all eligible individuals to prevent severe COVID-19. 😷,1,MiSoVac,Instagram
Natural remedies like lemon and honey cure coronavirus completely. 😷,0,MiSoVac,Instagram
Testing helps identify cases early and prevent further spread. #covid,1,MiSoVac,Instagram
Doctors are paid to lie about vaccine safety and effectiveness. 😷,0,MiSoVac,Instagram
Following public health guidelines helps protect vulnerable populations. #covid,1,MiSoVac,Instagram
COVID-19 is just a hoax to control the population. 💉,0,MiSoVac,Instagram
CDC recommends vaccination for all eligible individuals to prevent severe COVID-19. #vaccine,1,MiSoVac,Instagram
Vaccine deaths are being covered up by mainstream media. #covid,0,MiSoVac,Instagram
CDC recommends vaccination for all eligible individuals to prevent severe COVID-19. 😷,1,MiSoVac,Instagram
Government is using vaccines to implant tracking microchips. #covid,0,MiSoVac,Instagram
Healthcare workers recommend following evidence-based prevention strategies. #covid,1,MiSoVac,Instagram
Masks contain toxic chemicals that cause lung disease and cancer. 😷,0,MiSoVac,Instagram
CDC recommends vaccination for all eligible individuals to prevent severe COVID-19. 💉,1,MiSoVac,Instagram
COVID-19 is just a hoax to control the population. #vaccine,0,MiSoVac,Instagram
Vaccines underwent rigorous testing and continue to be monitored for safety. 😷,1,MiSoVac,Instagram
Government is using vaccines to implant tracking microchips. 😷,0,MiSoVac,Instagram
Testing helps identify cases early and prevent further spread. 😷,1,MiSoVac,Instagram
COVID-19 is just a hoax to control the population. #covid,0,MiSoVac,Instagram
Healthcare workers recommend following evidence-based prevention strategies. #vaccine,1,MiSoVac,Instagram
Government is using vaccines to implant tracking microchips. #covid,0,MiSoVac,Instagram
Vaccines underwent rigorous testing and continue to be monitored for safety. 😷,1,MiSoVac,Instagram
Doctors are paid to lie about vaccine safety and effectiveness. #vaccine,0,MiSoVac,Instagram
Booster shots enhance immunity against new variants. #covid,1,MiSoVac,Instagram
Vaccines alter your DNA permanently and cause infertility in women. 💉,0,MiSoVac,Instagram
Testing helps identify cases early and prevent further spread. 😷,1,MiSoVac,Instagram
Doctors are paid to lie about vaccine safety and effectiveness. 😷,0,MiSoVac,Instagram
Booster shots enhance immunity against new variants. #vaccine,1,MiSoVac,Instagram
Essential oils provide better protection than vaccines. 💉,0,MiSoVac,Instagram
Vaccines underwent rigorous testing and continue to be monitored for safety. 💉,1,MiSoVac,Instagram
Big pharma is hiding the fact that ivermectin cures COVID-19. #covid,0,MiSoVac,Instagram
CDC recommends vaccination for all eligible individuals to prevent severe COVID-19. 😷,1,MiSoVac,Instagram
Vaccine deaths are being covered up by mainstream media. #covid,0,MiSoVac,Instagram
Booster shots enhance immunity against new variants. #vaccine,1,MiSoVac,Instagram
Masks contain toxic chemicals that cause lung disease and cancer. #covid,0,MiSoVac,Instagram
Scientific consensus supports vaccination as the best defense against COVID-19. #covid,1,MiSoVac,Instagram
Essential oils provide better protection than vaccines. #covid,0,MiSoVac,Instagram
Booster shots enhance immunity against new variants. #covid,1,MiSoVac,Instagram
COVID-19 is just a hoax to control the population. 😷,0,MiSoVac,Instagram
Booster shots enhance immunity against new variants. #vaccine,1,MiSoVac,Instagram
Vaccines alter your DNA permanently and cause infertility in women. #vaccine,0,MiSoVac,Instagram
Healthcare workers recommend following evidence-based prevention strategies. 💉,1,MiSoVac,Instagram
Big pharma is hiding the fact that ivermectin cures COVID-19. 💉,0,MiSoVac,Instagram
Scientific consensus supports vaccination as the best defense against COVID-19. 💉,1,MiSoVac,Instagram
Big pharma is hiding the fact that ivermectin cures COVID-19. 💉,0,MiSoVac,Instagram
Vaccines underwent rigorous testing and continue to be monitored for safety. #vaccine,1,MiSoVac,Instagram
COVID-19 is just a hoax to control the population. 💉,0,MiSoVac,Instagram
Following public health guidelines helps protect vulnerable populations. #covid,1,MiSoVac,Instagram
Doctors are paid to lie about vaccine safety and effectiveness. #vaccine,0,MiSoVac,Instagram
Social distancing remains an important preventive measure in crowded areas. 😷,1,MiSoVac,Instagram
Vaccines alter your DNA permanently and cause infertility in women. 💉,0,MiSoVac,Instagram
Social distancing remains an important preventive measure in crowded areas. 💉,1,MiSoVac,Instagram
COVID-19 is just a hoax to control the population. 😷,0,MiSoVac,Instagram
Vaccines underwent rigorous testing and continue to be monitored for safety. 💉,1,MiSoVac,Instagram
COVID-19 is just a hoax to control the population. #vaccine,0,MiSoVac,Instagram
Healthcare workers recommend following evidence-based prevention strategies. 😷,1,MiSoVac,Instagram
Big pharma is hiding the fact that ivermectin cures COVID-19. #vaccine,0,MiSoVac,Instagram
Following public health guidelines helps protect vulnerable populations. #vaccine,1,MiSoVac,Instagram
Essential oils provide better protection than vaccines. #covid,0,MiSoVac,Instagram
Healthcare workers recommend following evidence-based prevention strategies. 😷,1,MiSoVac,Instagram
COVID-19 is just a hoax to control the population. #vaccine,0,MiSoVac,Instagram
Social distancing remains an important preventive measure in crowded areas. #vaccine,1,MiSoVac,Instagram
Vaccines shed and infect unvaccinated people nearby. #vaccine,0,MiSoVac,Instagram
Research demonstrates vaccine effectiveness in preventing hospitalization. #covid,1,MiSoVac,Instagram
Essential oils provide better protection than vaccines. 💉,0,MiSoVac,Instagram
Studies show masks reduce transmission by blocking respiratory droplets. #vaccine,1,MiSoVac,Instagram
Vaccines alter your DNA permanently and cause infertility in women. 💉,0,MiSoVac,Instagram
Social distancing remains an important preventive measure in crowded areas. #covid,1,MiSoVac,Instagram
Masks contain toxic chemicals that cause lung disease and cancer. #vaccine,0,MiSoVac,Instagram
Scientific consensus supports vaccination as the best defense against COVID-19. Link in description,1,MiSoVac,YouTube
Doctors are paid to lie about vaccine safety and effectiveness. Watch full video,0,MiSoVac,YouTube
Testing helps identify cases early and prevent further spread. Watch full video,1,MiSoVac,YouTube
Government is using vaccines to implant tracking microchips. Subscribe,0,MiSoVac,YouTube
CDC recommends vaccination for all eligible individuals to prevent severe COVID-19. Watch full video,1,MiSoVac,YouTube
Big pharma is hiding the fact that ivermectin cures COVID-19. Link in description,0,MiSoVac,YouTube
Studies show masks reduce transmission by blocking respiratory droplets. Link in description,1,MiSoVac,YouTube
Essential oils provide better protection than vaccines. Watch full video,0,MiSoVac,YouTube
Scientific consensus supports vaccination as the best defense against COVID-19. Link in description,1,MiSoVac,YouTube
Big pharma is hiding the fact that ivermectin cures COVID-19. Subscribe,0,MiSoVac,YouTube
Booster shots enhance immunity against new variants. Link in description,1,MiSoVac,YouTube
Government is using vaccines to implant tracking microchips. Subscribe,0,MiSoVac,YouTube
Social distancing remains an important preventive measure in crowded areas. Subscribe,1,MiSoVac,YouTube
Doctors are paid to lie about vaccine safety and effectiveness. Link in description,0,MiSoVac,YouTube
Research demonstrates vaccine effectiveness in preventing hospitalization. Subscribe,1,MiSoVac,YouTube
Vaccines shed and infect unvaccinated people nearby. Subscribe,0,MiSoVac,YouTube
Healthcare workers recommend following evidence-based prevention strategies. Subscribe,1,MiSoVac,YouTube
Essential oils provide better protection than vaccines. Watch full video,0,MiSoVac,YouTube
Testing helps identify cases early and prevent further spread. Subscribe,1,MiSoVac,YouTube
Big pharma is hiding the fact that ivermectin cures COVID-19. Subscribe,0,MiSoVac,YouTube
Research demonstrates vaccine effectiveness in preventing hospitalization. Subscribe,1,MiSoVac,YouTube
Vaccines alter your DNA permanently and cause infertility in women. Link in description,0,MiSoVac,YouTube
Booster shots enhance immunity against new variants. Link in description,1,MiSoVac,YouTube
Natural remedies like lemon and honey cure coronavirus completely. Watch full video,0,MiSoVac,YouTube
Following public health guidelines helps protect vulnerable populations. Link in description,1,MiSoVac,YouTube
Vaccine deaths are being covered up by mainstream media. Link in description,0,MiSoVac,YouTube
Social distancing remains an important preventive measure in crowded areas. Subscribe,1,MiSoVac,YouTube
Natural remedies like lemon and honey cure coronavirus completely. Watch full video,0,MiSoVac,YouTube
Research demonstrates vaccine effectiveness in preventing hospitalization. Watch full video,1,MiSoVac,YouTube
COVID-19 is just a hoax to control the population. Link in description,0,MiSoVac,YouTube
Booster shots enhance immunity against new variants. Subscribe,1,MiSoVac,YouTube
Doctors are paid to lie about vaccine safety and effectiveness. Link in description,0,MiSoVac,YouTube
Research demonstrates vaccine effectiveness in preventing hospitalization. Subscribe,1,MiSoVac,YouTube
Essential oils provide better protection than vaccines. Link in description,0,MiSoVac,YouTube
Testing helps identify cases early and prevent further spread. Subscribe,1,MiSoVac,YouTube
Natural remedies like lemon and honey cure coronavirus completely. Link in description,0,MiSoVac,YouTube
Research demonstrates vaccine effectiveness in preventing hospitalization. Watch full video,1,MiSoVac,YouTube
Natural remedies like lemon and honey cure coronavirus completely. Link in description,0,MiSoVac,YouTube
Healthcare workers recommend following evidence-based prevention strategies. Subscribe,1,MiSoVac,YouTube
Natural remedies like lemon and honey cure coronavirus completely. Link in description,0,MiSoVac,YouTube
CDC recommends vaccination for all eligible individuals to prevent severe COVID-19. Link in description,1,MiSoVac,YouTube
Vaccines alter your DNA permanently and cause infertility in women. Watch full video,0,MiSoVac,YouTube
CDC recommends vaccination for all eligible individuals to prevent severe COVID-19. Watch full video,1,MiSoVac,YouTube
COVID-19 is just a hoax to control the population. Watch full video,0,MiSoVac,YouTube
Booster shots enhance immunity against new variants. Watch full video,1,MiSoVac,YouTube
Natural remedies like lemon and honey cure coronavirus completely. Watch full video,0,MiSoVac,YouTube
Booster shots enhance immunity against new variants. Link in description,1,MiSoVac,YouTube
Essential oils provide better protection than vaccines. Subscribe,0,MiSoVac,YouTube
CDC recommends vaccination for all eligible individuals to prevent severe COVID-19. Link in description,1,MiSoVac,YouTube
Vaccine deaths are being covered up by mainstream media. Subscribe,0,MiSoVac,YouTube
Testing helps identify cases early and prevent further spread. Watch full video,1,MiSoVac,YouTube
Vaccines alter your DNA permanently and cause infertility in women. Link in description,0,MiSoVac,YouTube
Healthcare workers recommend following evidence-based prevention strategies. Subscribe,1,MiSoVac,YouTube
Vaccines alter your DNA permanently and cause infertility in women. Watch full video,0,MiSoVac,YouTube
Healthcare workers recommend following evidence-based prevention strategies. Link in description,1,MiSoVac,YouTube
Vaccines shed and infect unvaccinated people nearby. Link in description,0,MiSoVac,YouTube
Following public health guidelines helps protect vulnerable populations. Watch full video,1,MiSoVac,YouTube
Doctors are paid to lie about vaccine safety and effectiveness. Link in description,0,MiSoVac,YouTube
Social distancing remains an important preventive measure in crowded areas. Watch full video,1,MiSoVac,YouTube
Masks contain toxic chemicals that cause lung disease and cancer. Watch full video,0,MiSoVac,YouTube
Healthcare workers recommend following evidence-based prevention strategies. Watch full video,1,MiSoVac,YouTube
Big pharma is hiding the fact that ivermectin cures COVID-19. Watch full video,0,MiSoVac,YouTube
Scientific consensus supports vaccination as the best defense against COVID-19. Link in description,1,MiSoVac,YouTube
Vaccines shed and infect unvaccinated people nearby. Subscribe,0,MiSoVac,YouTube
Following public health guidelines helps protect vulnerable populations. Subscribe,1,MiSoVac,YouTube
Masks contain toxic chemicals that cause lung disease and cancer. Subscribe,0,MiSoVac,YouTube
Social distancing remains an important preventive measure in crowded areas. Subscribe,1,MiSoVac,YouTube
Vaccine deaths are being covered up by mainstream media. Watch full video,0,MiSoVac,YouTube
Booster shots enhance immunity against new variants. Subscribe,1,MiSoVac,YouTube
Masks contain toxic chemicals that cause lung disease and cancer. Link in description,0,MiSoVac,YouTube
CDC recommends vaccination for all eligible individuals to prevent severe COVID-19. Watch full video,1,MiSoVac,YouTube
COVID-19 is just a hoax to control the population. Subscribe,0,MiSoVac,YouTube
Social distancing remains an important preventive measure in crowded areas. Link in description,1,MiSoVac,YouTube
Essential oils provide better protection than vaccines. Watch full video,0,MiSoVac,YouTube
CDC recommends vaccination for all eligible individuals to prevent severe COVID-19. Link in description,1,MiSoVac,YouTube
Natural remedies like lemon and honey cure coronavirus completely. Watch full video,0,MiSoVac,YouTube
Testing helps identify cases early and prevent further spread. Subscribe,1,MiSoVac,YouTube
Government is using vaccines to implant tracking microchips. Link in description,0,MiSoVac,YouTube
Studies show masks reduce transmission by blocking respiratory droplets. Link in description,1,MiSoVac,YouTube
Vaccines alter your DNA permanently and cause infertility in women. Watch full video,0,MiSoVac,YouTube
Booster shots enhance immunity against new variants. Link in description,1,MiSoVac,YouTube
Vaccine deaths are being covered up by mainstream media. Subscribe,0,MiSoVac,YouTube
Following public health guidelines helps protect vulnerable populations. Watch full video,1,MiSoVac,YouTube
Masks contain toxic chemicals that cause lung disease and cancer. Link in description,0,MiSoVac,YouTube
Following public health guidelines helps protect vulnerable populations. Link in description,1,MiSoVac,YouTube
Vaccine deaths are being covered up by mainstream media. Link in description,0,MiSoVac,YouTube
CDC recommends vaccination for all eligible individuals to prevent severe COVID-19. Watch full video,1,MiSoVac,YouTube
Government is using vaccines to implant tracking microchips. Watch full video,0,MiSoVac,YouTube
Booster shots enhance immunity against new variants. Link in description,1,MiSoVac,YouTube
Natural remedies like lemon and honey cure coronavirus completely. Link in description,0,MiSoVac,YouTube
Social distancing remains an important preventive measure in crowded areas. Watch full video,1,MiSoVac,YouTube
Vaccines shed and infect unvaccinated people nearby. Watch full video,0,MiSoVac,YouTube
Scientific consensus supports vaccination as the best defense against COVID-19. Watch full video,1,MiSoVac,YouTube
Vaccine deaths are being covered up by mainstream media. Subscribe,0,MiSoVac,YouTube
Healthcare workers recommend following evidence-based prevention strategies. Subscribe,1,MiSoVac,YouTube
COVID-19 is just a hoax to control the population. Link in description,0,MiSoVac,YouTube
Vaccines underwent rigorous testing and continue to be monitored for safety. Link in description,1,MiSoVac,YouTube
Masks contain toxic chemicals that cause lung disease and cancer. Link in description,0,MiSoVac,YouTube
Research demonstrates vaccine effectiveness in preventing hospitalization. Watch full video,1,MiSoVac,YouTube
Masks contain toxic chemicals that cause lung disease and cancer. Subscribe,0,MiSoVac,YouTube
Booster shots enhance immunity against new variants. Watch full video,1,MiSoVac,YouTube
Government is using vaccines to implant tracking microchips. Link in description,0,MiSoVac,YouTube
Scientific consensus supports vaccination as the best defense against COVID-19. Link in description,1,MiSoVac,YouTube
COVID-19 is just a hoax to control the population. Subscribe,0,MiSoVac,YouTube
CDC recommends vaccination for all eligible individuals to prevent severe COVID-19. Link in description,1,MiSoVac,YouTube
Vaccines shed and infect unvaccinated people nearby. Subscribe,0,MiSoVac,YouTube
Testing helps identify cases early and prevent further spread. Watch full video,1,MiSoVac,YouTube
Government is using vaccines to implant tracking microchips. Link in description,0,MiSoVac,YouTube
Social distancing remains an important preventive measure in crowded areas. Subscribe,1,MiSoVac,YouTube
Natural remedies like lemon and honey cure coronavirus completely. Link in description,0,MiSoVac,YouTube
Scientific consensus supports vaccination as the best defense against COVID-19. Link in description,1,MiSoVac,YouTube
COVID-19 is just a hoax to control the population. Watch full video,0,MiSoVac,YouTube
Scientific consensus supports vaccination as the best defense against COVID-19. Subscribe,1,MiSoVac,YouTube
Big pharma is hiding the fact that ivermectin cures COVID-19. Link in description,0,MiSoVac,YouTube
Studies show masks reduce transmission by blocking respiratory droplets. Watch full video,1,MiSoVac,YouTube
Vaccines shed and infect unvaccinated people nearby. Watch full video,0,MiSoVac,YouTube
Social distancing remains an important preventive measure in crowded areas. Link in description,1,MiSoVac,YouTube
Natural remedies like lemon and honey cure coronavirus completely. Link in description,0,MiSoVac,YouTube
Social distancing remains an important preventive measure in crowded areas. Subscribe,1,MiSoVac,YouTube
Government is using vaccines to implant tracking microchips. Watch full video,0,MiSoVac,YouTube
Studies show masks reduce transmission by blocking respiratory droplets. Watch full video,1,MiSoVac,YouTube
Vaccines shed and infect unvaccinated people nearby. Subscribe,0,MiSoVac,YouTube
Research demonstrates vaccine effectiveness in preventing hospitalization. Subscribe,1,MiSoVac,YouTube
Masks contain toxic chemicals that cause lung disease and cancer. Watch full video,0,MiSoVac,YouTube
Studies show masks reduce transmission by blocking respiratory droplets. Watch full video,1,MiSoVac,YouTube
COVID-19 is just a hoax to control the population. Subscribe,0,MiSoVac,YouTube
Healthcare workers recommend following evidence-based prevention strategies. Link in description,1,MiSoVac,YouTube
Doctors are paid to lie about vaccine safety and effectiveness. Subscribe,0,MiSoVac,YouTube
Studies show masks reduce transmission by blocking respiratory droplets. Watch full video,1,MiSoVac,YouTube
Masks contain toxic chemicals that cause lung disease and cancer. Subscribe,0,MiSoVac,YouTube
Healthcare workers recommend following evidence-based prevention strategies. Watch full video,1,MiSoVac,YouTube
Vaccine deaths are being covered up by mainstream media. Link in description,0,MiSoVac,YouTube
Research demonstrates vaccine effectiveness in preventing hospitalization. Subscribe,1,MiSoVac,YouTube
Vaccines alter your DNA permanently and cause infertility in women. Subscribe,0,MiSoVac,YouTube
Social distancing remains an important preventive measure in crowded areas. Subscribe,1,MiSoVac,YouTube
Masks contain toxic chemicals that cause lung disease and cancer. Link in description,0,MiSoVac,YouTube
Healthcare workers recommend following evidence-based prevention strategies. Watch full video,1,MiSoVac,YouTube
Vaccine deaths are being covered up by mainstream media. Link in description,0,MiSoVac,YouTube
Vaccines underwent rigorous testing and continue to be monitored for safety. Link in description,1,MiSoVac,YouTube
COVID-19 is just a hoax to control the population. Watch full video,0,MiSoVac,YouTube
Vaccines underwent rigorous testing and continue to be monitored for safety. Subscribe,1,MiSoVac,YouTube
Vaccines shed and infect unvaccinated people nearby. Subscribe,0,MiSoVac,YouTube
Testing helps identify cases early and prevent further spread. Watch full video,1,MiSoVac,YouTube
Masks contain toxic chemicals that cause lung disease and cancer. Watch full video,0,MiSoVac,YouTube
Social distancing remains an important preventive measure in crowded areas. Subscribe,1,MiSoVac,YouTube
COVID-19 is just a hoax to control the population. Subscribe,0,MiSoVac,YouTube
Testing helps identify cases early and prevent further spread. Watch full video,1,MiSoVac,YouTube
Government is using vaccines to implant tracking microchips. Subscribe,0,MiSoVac,YouTube
Booster shots enhance immunity against new variants. Link in description,1,MiSoVac,YouTube
Essential oils provide better protection than vaccines. Link in description,0,MiSoVac,YouTube
Scientific consensus supports vaccination as the best defense against COVID-19. Watch full video,1,MiSoVac,YouTube
Essential oils provide better protection than vaccines. Watch full video,0,MiSoVac,YouTube
Vaccines underwent rigorous testing and continue to be monitored for safety. Subscribe,1,MiSoVac,YouTube
Vaccines alter your DNA permanently and cause infertility in women. Subscribe,0,MiSoVac,YouTube
Research demonstrates vaccine effectiveness in preventing hospitalization. Link in description,1,MiSoVac,YouTube
COVID-19 is just a hoax to control the population. Subscribe,0,MiSoVac,YouTube
Testing helps identify cases early and prevent further spread. Subscribe,1,MiSoVac,YouTube
COVID-19 is just a hoax to control the population. Link in description,0,MiSoVac,YouTube
Scientific consensus supports vaccination as the best defense against COVID-19. Watch full video,1,MiSoVac,YouTube
Vaccines shed and infect unvaccinated people nearby. Subscribe,0,MiSoVac,YouTube
Scientific consensus supports vaccination as the best defense against COVID-19. Link in description,1,MiSoVac,YouTube
Big pharma is hiding the fact that ivermectin cures COVID-19. Subscribe,0,MiSoVac,YouTube
Research demonstrates vaccine effectiveness in preventing hospitalization. Watch full video,1,MiSoVac,YouTube
COVID-19 is just a hoax to control the population. Subscribe,0,MiSoVac,YouTube
Following public health guidelines helps protect vulnerable populations. Link in description,1,MiSoVac,YouTube
Essential oils provide better protection than vaccines. Link in description,0,MiSoVac,YouTube
Booster shots enhance immunity against new variants. Subscribe,1,MiSoVac,YouTube
COVID-19 is just a hoax to control the population. Subscribe,0,MiSoVac,YouTube
Social distancing remains an important preventive measure in crowded areas. Subscribe,1,MiSoVac,YouTube
Masks contain toxic chemicals that cause lung disease and cancer. Link in description,0,MiSoVac,YouTube
Booster shots enhance immunity against new variants. Link in description,1,MiSoVac,YouTube
Doctors are paid to lie about vaccine safety and effectiveness. Watch full video,0,MiSoVac,YouTube
Healthcare workers recommend following evidence-based prevention strategies. Watch full video,1,MiSoVac,YouTube
Essential oils provide better protection than vaccines. Link in description,0,MiSoVac,YouTube
Booster shots enhance immunity against new variants. Subscribe,1,MiSoVac,YouTube
Vaccines shed and infect unvaccinated people nearby. Link in description,0,MiSoVac,YouTube
Studies show masks reduce transmission by blocking respiratory droplets. Subscribe,1,MiSoVac,YouTube
Essential oils provide better protection than vaccines. Watch full video,0,MiSoVac,YouTube
Following public health guidelines helps protect vulnerable populations. Watch full video,1,MiSoVac,YouTube
Vaccines shed and infect unvaccinated people nearby. Link in description,0,MiSoVac,YouTube
Vaccines underwent rigorous testing and continue to be monitored for safety. Link in description,1,MiSoVac,YouTube
COVID-19 is just a hoax to control the population. Subscribe,0,MiSoVac,YouTube
Studies show masks reduce transmission by blocking respiratory droplets. Subscribe,1,MiSoVac,YouTube
Vaccine deaths are being covered up by mainstream media. Subscribe,0,MiSoVac,YouTube
Scientific consensus supports vaccination as the best defense against COVID-19. Subscribe,1,MiSoVac,YouTube
Doctors are paid to lie about vaccine safety and effectiveness. Link in description,0,MiSoVac,YouTube
Social distancing remains an important preventive measure in crowded areas. Link in description,1,MiSoVac,YouTube
Vaccines alter your DNA permanently and cause infertility in women. Subscribe,0,MiSoVac,YouTube
Healthcare workers recommend following evidence-based prevention strategies. Link in description,1,MiSoVac,YouTube
Masks contain toxic chemicals that cause lung disease and cancer. Watch full video,0,MiSoVac,YouTube
Booster shots enhance immunity against new variants. Link in description,1,MiSoVac,YouTube
Government is using vaccines to implant tracking microchips. Watch full video,0,MiSoVac,YouTube
Scientific consensus supports vaccination as the best defense against COVID-19. Watch full video,1,MiSoVac,YouTube
Vaccine deaths are being covered up by mainstream media. Link in description,0,MiSoVac,YouTube
Social distancing remains an important preventive measure in crowded areas. Subscribe,1,MiSoVac,YouTube
COVID-19 is just a hoax to control the population. Watch full video,0,MiSoVac,YouTube
CDC recommends vaccination for all eligible individuals to prevent severe COVID-19. Watch full video,1,MiSoVac,YouTube
Vaccines shed and infect unvaccinated people nearby. Watch full video,0,MiSoVac,YouTube
Healthcare workers recommend following evidence-based prevention strategies. Link in description,1,MiSoVac,YouTube
Doctors are paid to lie about vaccine safety and effectiveness. Link in description,0,MiSoVac,YouTube
Scientific consensus supports vaccination as the best defense against COVID-19. Link in description,1,MiSoVac,YouTube
Vaccine deaths are being covered up by mainstream media. Watch full video,0,MiSoVac,YouTube
Testing helps identify cases early and prevent further spread. Subscribe,1,MiSoVac,YouTube
COVID-19 is just a hoax to control the population. Subscribe,0,MiSoVac,YouTube
Scientific consensus supports vaccination as the best defense against COVID-19. Link in description,1,MiSoVac,YouTube
Doctors are paid to lie about vaccine safety and effectiveness. Watch full video,0,MiSoVac,YouTube
Research demonstrates vaccine effectiveness in preventing hospitalization. Watch full video,1,MiSoVac,YouTube
Essential oils provide better protection than vaccines. Watch full video,0,MiSoVac,YouTube
Following public health guidelines helps protect vulnerable populations. Subscribe,1,MiSoVac,YouTube
Masks contain toxic chemicals that cause lung disease and cancer. Watch full video,0,MiSoVac,YouTube
Vaccines underwent rigorous testing and continue to be monitored for safety. Subscribe,1,MiSoVac,YouTube
Vaccines shed and infect unvaccinated people nearby. Subscribe,0,MiSoVac,YouTube
Testing helps identify cases early and prevent further spread. Watch full video,1,MiSoVac,YouTube
Doctors are paid to lie about vaccine safety and effectiveness. Subscribe,0,MiSoVac,YouTube
Research demonstrates vaccine effectiveness in preventing hospitalization. Subscribe,1,MiSoVac,YouTube
Masks contain toxic chemicals that cause lung disease and cancer. Subscribe,0,MiSoVac,YouTube
Testing helps identify cases early and prevent further spread. Subscribe,1,MiSoVac,YouTube
Masks contain toxic chemicals that cause lung disease and cancer. Subscribe,0,MiSoVac,YouTube
CDC recommends vaccination for all eligible individuals to prevent severe COVID-19. Link in description,1,MiSoVac,YouTube
Masks contain toxic chemicals that cause lung disease and cancer. Watch full video,0,MiSoVac,YouTube
Research demonstrates vaccine effectiveness in preventing hospitalization. Link in description,1,MiSoVac,YouTube
Masks contain toxic chemicals that cause lung disease and cancer. Link in description,0,MiSoVac,YouTube
Vaccines underwent rigorous testing and continue to be monitored for safety. Link in description,1,MiSoVac,YouTube
Big pharma is hiding the fact that ivermectin cures COVID-19. Link in description,0,MiSoVac,YouTube
Vaccines underwent rigorous testing and continue to be monitored for safety. Link in description,1,MiSoVac,YouTube
Natural remedies like lemon and honey cure coronavirus completely. Subscribe,0,MiSoVac,YouTube
Healthcare workers recommend following evidence-based prevention strategies. Subscribe,1,MiSoVac,YouTube
Essential oils provide better protection than vaccines. Watch full video,0,MiSoVac,YouTube
Social distancing remains an important preventive measure in crowded areas. Link in description,1,MiSoVac,YouTube
Natural remedies like lemon and honey cure coronavirus completely. Watch full video,0,MiSoVac,YouTube
Social distancing remains an important preventive measure in crowded areas. Subscribe,1,MiSoVac,YouTube
Vaccines alter your DNA permanently and cause infertility in women. Link in description,0,MiSoVac,YouTube
Scientific consensus supports vaccination as the best defense against COVID-19. Watch full video,1,MiSoVac,YouTube
Essential oils provide better protection than vaccines. Link in description,0,MiSoVac,YouTube
Social distancing remains an important preventive measure in crowded areas. Subscribe,1,MiSoVac,YouTube
Vaccines alter your DNA permanently and cause infertility in women. Link in description,0,MiSoVac,YouTube
Booster shots enhance immunity against new variants. Watch full video,1,MiSoVac,YouTube
Vaccines shed and infect unvaccinated people nearby. Link in description,0,MiSoVac,YouTube
Studies show masks reduce transmission by blocking respiratory droplets. Link in description,1,MiSoVac,YouTube
Masks contain toxic chemicals that cause lung disease and cancer. Link in description,0,MiSoVac,YouTube
Vaccines underwent rigorous testing and continue to be monitored for safety. Subscribe,1,MiSoVac,YouTube
Government is using vaccines to implant tracking microchips. Watch full video,0,MiSoVac,YouTube
Testing helps identify cases early and prevent further spread. Watch full video,1,MiSoVac,YouTube
Vaccines shed and infect unvaccinated people nearby. Link in description,0,MiSoVac,YouTube
Testing helps identify cases early and prevent further spread. Link in description,1,MiSoVac,YouTube
Government is using vaccines to implant tracking microchips. Link in description,0,MiSoVac,YouTube
Social distancing remains an important preventive measure in crowded areas. Link in description,1,MiSoVac,YouTube
COVID-19 is just a hoax to control the population. Link in description,0,MiSoVac,YouTube
Studies show masks reduce transmission by blocking respiratory droplets. Subscribe,1,MiSoVac,YouTube
Government is using vaccines to implant tracking microchips. Subscribe,0,MiSoVac,YouTube
Scientific consensus supports vaccination as the best defense against COVID-19. r/COVID19,1,MiSoVac,Reddit
Vaccines shed and infect unvaccinated people nearby. Edit:,0,MiSoVac,Reddit
Scientific consensus supports vaccination as the best defense against COVID-19. r/COVID19,1,MiSoVac,Reddit
Natural remedies like lemon and honey cure coronavirus completely. TL;DR,0,MiSoVac,Reddit
Studies show masks reduce transmission by blocking respiratory droplets. r/COVID19,1,MiSoVac,Reddit
Vaccines shed and infect unvaccinated people nearby. r/COVID19,0,MiSoVac,Reddit
Vaccines underwent rigorous testing and continue to be monitored for safety. TL;DR,1,MiSoVac,Reddit
Natural remedies like lemon and honey cure coronavirus completely. Edit:,0,MiSoVac,Reddit
Social distancing remains an important preventive measure in crowded areas. TL;DR,1,MiSoVac,Reddit
Vaccine deaths are being covered up by mainstream media. r/COVID19,0,MiSoVac,Reddit
Scientific consensus supports vaccination as the best defense against COVID-19. TL;DR,1,MiSoVac,Reddit
COVID-19 is just a hoax to control the population. r/COVID19,0,MiSoVac,Reddit
Testing helps identify cases early and prevent further spread. Edit:,1,MiSoVac,Reddit
Doctors are paid to lie about vaccine safety and effectiveness. Edit:,0,MiSoVac,Reddit
Vaccines underwent rigorous testing and continue to be monitored for safety. Edit:,1,MiSoVac,Reddit
Natural remedies like lemon and honey cure coronavirus completely. TL;DR,0,MiSoVac,Reddit
Following public health guidelines helps protect vulnerable populations. r/COVID19,1,MiSoVac,Reddit
Natural remedies like lemon and honey cure coronavirus completely. TL;DR,0,MiSoVac,Reddit
Testing helps identify cases early and prevent further spread. Edit:,1,MiSoVac,Reddit
Vaccines alter your DNA permanently and cause infertility in women. TL;DR,0,MiSoVac,Reddit
CDC recommends vaccination for all eligible individuals to prevent severe COVID-19. TL;DR,1,MiSoVac,Reddit
Natural remedies like lemon and honey cure coronavirus completely. r/COVID19,0,MiSoVac,Reddit
Social distancing remains an important preventive measure in crowded areas. Edit:,1,MiSoVac,Reddit
Doctors are paid to lie about vaccine safety and effectiveness. Edit:,0,MiSoVac,Reddit
Testing helps identify cases early and prevent further spread. TL;DR,1,MiSoVac,Reddit
Essential oils provide better protection than vaccines. TL;DR,0,MiSoVac,Reddit
Testing helps identify cases early and prevent further spread. TL;DR,1,MiSoVac,Reddit
Natural remedies like lemon and honey cure coronavirus completely. r/COVID19,0,MiSoVac,Reddit
Scientific consensus supports vaccination as the best defense against COVID-19. r/COVID19,1,MiSoVac,Reddit
Big pharma is hiding the fact that ivermectin cures COVID-19. TL;DR,0,MiSoVac,Reddit
CDC recommends vaccination for all eligible individuals to prevent severe COVID-19. TL;DR,1,MiSoVac,Reddit
Big pharma is hiding the fact that ivermectin cures COVID-19. Edit:,0,MiSoVac,Reddit
Following public health guidelines helps protect vulnerable populations. r/COVID19,1,MiSoVac,Reddit
Essential oils provide better protection than vaccines. Edit:,0,MiSoVac,Reddit
Testing helps identify cases early and prevent further spread. Edit:,1,MiSoVac,Reddit
Doctors are paid to lie about vaccine safety and effectiveness. r/COVID19,0,MiSoVac,Reddit
Scientific consensus supports vaccination as the best defense against COVID-19. r/COVID19,1,MiSoVac,Reddit
Vaccines shed and infect unvaccinated people nearby. Edit:,0,MiSoVac,Reddit
Research demonstrates vaccine effectiveness in preventing hospitalization. Edit:,1,MiSoVac,Reddit
Vaccines alter your DNA permanently and cause infertility in women. Edit:,0,MiSoVac,Reddit
Testing helps identify cases early and prevent further spread. Edit:,1,MiSoVac,Reddit
Big pharma is hiding the fact that ivermectin cures COVID-19. TL;DR,0,MiSoVac,Reddit
Studies show masks reduce transmission by blocking respiratory droplets. Edit:,1,MiSoVac,Reddit
Big pharma is hiding the fact that ivermectin cures COVID-19. TL;DR,0,MiSoVac,Reddit
CDC recommends vaccination for all eligible individuals to prevent severe COVID-19. TL;DR,1,MiSoVac,Reddit
Vaccines shed and infect unvaccinated people nearby. TL;DR,0,MiSoVac,Reddit
Studies show masks reduce transmission by blocking respiratory droplets. TL;DR,1,MiSoVac,Reddit
Masks contain toxic chemicals that cause lung disease and cancer. r/COVID19,0,MiSoVac,Reddit
Booster shots enhance immunity against new variants. Edit:,1,MiSoVac,Reddit
Vaccine deaths are being covered up by mainstream media. Edit:,0,MiSoVac,Reddit
Research demonstrates vaccine effectiveness in preventing hospitalization. Edit:,1,MiSoVac,Reddit
Vaccine deaths are being covered up by mainstream media. Edit:,0,MiSoVac,Reddit
Social distancing remains an important preventive measure in crowded areas. r/COVID19,1,MiSoVac,Reddit
Vaccine deaths are being covered up by mainstream media. r/COVID19,0,MiSoVac,Reddit
Booster shots enhance immunity against new variants. r/COVID19,1,MiSoVac,Reddit
Vaccines alter your DNA permanently and cause infertility in women. Edit:,0,MiSoVac,Reddit
Research demonstrates vaccine effectiveness in preventing hospitalization. Edit:,1,MiSoVac,Reddit
Vaccines shed and infect unvaccinated people nearby. Edit:,0,MiSoVac,Reddit
Healthcare workers recommend following evidence-based prevention strategies. r/COVID19,1,MiSoVac,Reddit
Government is using vaccines to implant tracking microchips. Edit:,0,MiSoVac,Reddit
Following public health guidelines helps protect vulnerable populations. TL;DR,1,MiSoVac,Reddit
Vaccine deaths are being covered up by mainstream media. TL;DR,0,MiSoVac,Reddit
Healthcare workers recommend following evidence-based prevention strategies. Edit:,1,MiSoVac,Reddit
Masks contain toxic chemicals that cause lung disease and cancer. r/COVID19,0,MiSoVac,Reddit
Social distancing remains an important preventive measure in crowded areas. r/COVID19,1,MiSoVac,Reddit
Vaccines shed and infect unvaccinated people nearby. Edit:,0,MiSoVac,Reddit
Vaccines underwent rigorous testing and continue to be monitored for safety. Edit:,1,MiSoVac,Reddit
Natural remedies like lemon and honey cure coronavirus completely. r/COVID19,0,MiSoVac,Reddit
Vaccines underwent rigorous testing and continue to be monitored for safety. Edit:,1,MiSoVac,Reddit
Government is using vaccines to implant tracking microchips. r/COVID19,0,MiSoVac,Reddit
Social distancing remains an important preventive measure in crowded areas. TL;DR,1,MiSoVac,Reddit
Natural remedies like lemon and honey cure coronavirus completely. Edit:,0,MiSoVac,Reddit
Following public health guidelines helps protect vulnerable populations. Edit:,1,MiSoVac,Reddit
COVID-19 is just a hoax to control the population. TL;DR,0,MiSoVac,Reddit
Testing helps identify cases early and prevent further spread. r/COVID19,1,MiSoVac,Reddit
Masks contain toxic chemicals that cause lung disease and cancer. TL;DR,0,MiSoVac,Reddit
Healthcare workers recommend following evidence-based prevention strategies. Edit:,1,MiSoVac,Reddit
Vaccines shed and infect unvaccinated people nearby. Edit:,0,MiSoVac,Reddit
Research demonstrates vaccine effectiveness in preventing hospitalization. TL;DR,1,MiSoVac,Reddit
Essential oils provide better protection than vaccines. TL;DR,0,MiSoVac,Reddit
Scientific consensus supports vaccination as the best defense against COVID-19. r/COVID19,1,MiSoVac,Reddit
Masks contain toxic chemicals that cause lung disease and cancer. Edit:,0,MiSoVac,Reddit
Testing helps identify cases early and prevent further spread. Edit:,1,MiSoVac,Reddit
Government is using vaccines to implant tracking microchips. r/COVID19,0,MiSoVac,Reddit
Healthcare workers recommend following evidence-based prevention strategies. TL;DR,1,MiSoVac,Reddit
Big pharma is hiding the fact that ivermectin cures COVID-19. TL;DR,0,MiSoVac,Reddit
Booster shots enhance immunity against new variants. TL;DR,1,MiSoVac,Reddit
Vaccines shed and infect unvaccinated people nearby. TL;DR,0,MiSoVac,Reddit
Following public health guidelines helps protect vulnerable populations. TL;DR,1,MiSoVac,Reddit
Doctors are paid to lie about vaccine safety and effectiveness. Edit:,0,MiSoVac,Reddit
Vaccines underwent rigorous testing and continue to be monitored for safety. Edit:,1,MiSoVac,Reddit
Essential oils provide better protection than vaccines. TL;DR,0,MiSoVac,Reddit
CDC recommends vaccination for all eligible individuals to prevent severe COVID-19. r/COVID19,1,MiSoVac,Reddit
Masks contain toxic chemicals that cause lung disease and cancer. Edit:,0,MiSoVac,Reddit
Testing helps identify cases early and prevent further spread. r/COVID19,1,MiSoVac,Reddit
Masks contain toxic chemicals that cause lung disease and cancer. r/COVID19,0,MiSoVac,Reddit
Testing helps identify cases early and prevent further spread. TL;DR,1,MiSoVac,Reddit
Vaccines alter your DNA permanently and cause infertility in women. TL;DR,0,MiSoVac,Reddit
Booster shots enhance immunity against new variants. Edit:,1,MiSoVac,Reddit
Natural remedies like lemon and honey cure coronavirus completely. Edit:,0,MiSoVac,Reddit
Following public health guidelines helps protect vulnerable populations. r/COVID19,1,MiSoVac,Reddit
Vaccines shed and infect unvaccinated people nearby. r/COVID19,0,MiSoVac,Reddit
Research demonstrates vaccine effectiveness in preventing hospitalization. TL;DR,1,MiSoVac,Reddit
Masks contain toxic chemicals that cause lung disease and cancer. TL;DR,0,MiSoVac,Reddit
Vaccines underwent rigorous testing and continue to be monitored for safety. r/COVID19,1,MiSoVac,Reddit
COVID-19 is just a hoax to control the population. Edit:,0,MiSoVac,Reddit
Following public health guidelines helps protect vulnerable populations. Edit:,1,MiSoVac,Reddit
Big pharma is hiding the fact that ivermectin cures COVID-19. TL;DR,0,MiSoVac,Reddit
Studies show masks reduce transmission by blocking respiratory droplets. Edit:,1,MiSoVac,Reddit
Masks contain toxic chemicals that cause lung disease and cancer. r/COVID19,0,MiSoVac,Reddit
Booster shots enhance immunity against new variants. TL;DR,1,MiSoVac,Reddit
Masks contain toxic chemicals that cause lung disease and cancer. r/COVID19,0,MiSoVac,Reddit
Scientific consensus supports vaccination as the best defense against COVID-19. r/COVID19,1,MiSoVac,Reddit
Doctors are paid to lie about vaccine safety and effectiveness. Edit:,0,MiSoVac,Reddit
Testing helps identify cases early and prevent further spread. r/COVID19,1,MiSoVac,Reddit
Vaccines alter your DNA permanently and cause infertility in women. Edit:,0,MiSoVac,Reddit
Research demonstrates vaccine effectiveness in preventing hospitalization. r/COVID19,1,MiSoVac,Reddit
COVID-19 is just a hoax to control the population. Edit:,0,MiSoVac,Reddit
Vaccines underwent rigorous testing and continue to be monitored for safety. TL;DR,1,MiSoVac,Reddit
Masks contain toxic chemicals that cause lung disease and cancer. r/COVID19,0,MiSoVac,Reddit
Social distancing remains an important preventive measure in crowded areas. r/COVID19,1,MiSoVac,Reddit
Masks contain toxic chemicals that cause lung disease and cancer. r/COVID19,0,MiSoVac,Reddit
Research demonstrates vaccine effectiveness in preventing hospitalization. TL;DR,1,MiSoVac,Reddit
Vaccines shed and infect unvaccinated people nearby. r/COVID19,0,MiSoVac,Reddit
Social distancing remains an important preventive measure in crowded areas. r/COVID19,1,MiSoVac,Reddit
Natural remedies like lemon and honey cure coronavirus completely. r/COVID19,0,MiSoVac,Reddit
Healthcare workers recommend following evidence-based prevention strategies. Edit:,1,MiSoVac,Reddit
Vaccines alter your DNA permanently and cause infertility in women. Edit:,0,MiSoVac,Reddit
Vaccines underwent rigorous testing and continue to be monitored for safety. TL;DR,1,MiSoVac,Reddit
Government is using vaccines to implant tracking microchips. Edit:,0,MiSoVac,Reddit
Booster shots enhance immunity against new variants. Edit:,1,MiSoVac,Reddit
Natural remedies like lemon and honey cure coronavirus completely. TL;DR,0,MiSoVac,Reddit
Scientific consensus supports vaccination as the best defense against COVID-19. Edit:,1,MiSoVac,Reddit
Essential oils provide better protection than vaccines. r/COVID19,0,MiSoVac,Reddit
Studies show masks reduce transmission by blocking respiratory droplets. r/COVID19,1,MiSoVac,Reddit
Natural remedies like lemon and honey cure coronavirus completely. r/COVID19,0,MiSoVac,Reddit
Scientific consensus supports vaccination as the best defense against COVID-19. Edit:,1,MiSoVac,Reddit
COVID-19 is just a hoax to control the population. TL;DR,0,MiSoVac,Reddit
Social distancing remains an important preventive measure in crowded areas. TL;DR,1,MiSoVac,Reddit
Natural remedies like lemon and honey cure coronavirus completely. r/COVID19,0,MiSoVac,Reddit
Following public health guidelines helps protect vulnerable populations. Edit:,1,MiSoVac,Reddit
Masks contain toxic chemicals that cause lung disease and cancer. r/COVID19,0,MiSoVac,Reddit
Healthcare workers recommend following evidence-based prevention strategies. Edit:,1,MiSoVac,Reddit
Vaccine deaths are being covered up by mainstream media. Edit:,0,MiSoVac,Reddit
Scientific consensus supports vaccination as the best defense against COVID-19. TL;DR,1,MiSoVac,Reddit
Vaccines alter your DNA permanently and cause infertility in women. Edit:,0,MiSoVac,Reddit
Following public health guidelines helps protect vulnerable populations. r/COVID19,1,MiSoVac,Reddit
Doctors are paid to lie about vaccine safety and effectiveness. Edit:,0,MiSoVac,Reddit
Healthcare workers recommend following evidence-based prevention strategies. r/COVID19,1,MiSoVac,Reddit
COVID-19 is just a hoax to control the population. TL;DR,0,MiSoVac,Reddit
CDC recommends vaccination for all eligible individuals to prevent severe COVID-19. r/COVID19,1,MiSoVac,Reddit
Essential oils provide better protection than vaccines. TL;DR,0,MiSoVac,Reddit
Studies show masks reduce transmission by blocking respiratory droplets. r/COVID19,1,MiSoVac,Reddit
Essential oils provide better protection than vaccines. Edit:,0,MiSoVac,Reddit
Scientific consensus supports vaccination as the best defense against COVID-19. r/COVID19,1,MiSoVac,Reddit
Doctors are paid to lie about vaccine safety and effectiveness. r/COVID19,0,MiSoVac,Reddit
Research demonstrates vaccine effectiveness in preventing hospitalization. TL;DR,1,MiSoVac,Reddit
Natural remedies like lemon and honey cure coronavirus completely. TL;DR,0,MiSoVac,Reddit
Scientific consensus supports vaccination as the best defense against COVID-19. TL;DR,1,MiSoVac,Reddit
Government is using vaccines to implant tracking microchips. Edit:,0,MiSoVac,Reddit
Vaccines underwent rigorous testing and continue to be monitored for safety. TL;DR,1,MiSoVac,Reddit
Masks contain toxic chemicals that cause lung disease and cancer. r/COVID19,0,MiSoVac,Reddit
Scientific consensus supports vaccination as the best defense against COVID-19. r/COVID19,1,MiSoVac,Reddit
Vaccines alter your DNA permanently and cause infertility in women. TL;DR,0,MiSoVac,Reddit
Booster shots enhance immunity against new variants. r/COVID19,1,MiSoVac,Reddit
Vaccines alter your DNA permanently and cause infertility in women. TL;DR,0,MiSoVac,Reddit
Healthcare workers recommend following evidence-based prevention strategies. TL;DR,1,MiSoVac,Reddit
Doctors are paid to lie about vaccine safety and effectiveness. TL;DR,0,MiSoVac,Reddit
Social distancing remains an important preventive measure in crowded areas. Edit:,1,MiSoVac,Reddit
COVID-19 is just a hoax to control the population. r/COVID19,0,MiSoVac,Reddit
Healthcare workers recommend following evidence-based prevention strategies. Edit:,1,MiSoVac,Reddit
Vaccine deaths are being covered up by mainstream media. r/COVID19,0,MiSoVac,Reddit
Following public health guidelines helps protect vulnerable populations. r/COVID19,1,MiSoVac,Reddit
Vaccines shed and infect unvaccinated people nearby. r/COVID19,0,MiSoVac,Reddit
Healthcare workers recommend following evidence-based prevention strategies. r/COVID19,1,MiSoVac,Reddit
Natural remedies like lemon and honey cure coronavirus completely. Edit:,0,MiSoVac,Reddit
Research demonstrates vaccine effectiveness in preventing hospitalization. TL;DR,1,MiSoVac,Reddit
Vaccine deaths are being covered up by mainstream media. Edit:,0,MiSoVac,Reddit
Studies show masks reduce transmission by blocking respiratory droplets. TL;DR,1,MiSoVac,Reddit
COVID-19 is just a hoax to control the population. Edit:,0,MiSoVac,Reddit
Booster shots enhance immunity against new variants. r/COVID19,1,MiSoVac,Reddit
Big pharma is hiding the fact that ivermectin cures COVID-19. r/COVID19,0,MiSoVac,Reddit
Social distancing remains an important preventive measure in crowded areas. r/COVID19,1,MiSoVac,Reddit
Essential oils provide better protection than vaccines. Edit:,0,MiSoVac,Reddit
Scientific consensus supports vaccination as the best defense against COVID-19. r/COVID19,1,MiSoVac,Reddit
Vaccines shed and infect unvaccinated people nearby. Edit:,0,MiSoVac,Reddit
Vaccines underwent rigorous testing and continue to be monitored for safety. r/COVID19,1,MiSoVac,Reddit
Vaccines alter your DNA permanently and cause infertility in women. Edit:,0,MiSoVac,Reddit
Vaccines underwent rigorous testing and continue to be monitored for safety. Edit:,1,MiSoVac,Reddit
Vaccines alter your DNA permanently and cause infertility in women. r/COVID19,0,MiSoVac,Reddit
Testing helps identify cases early and prevent further spread. TL;DR,1,MiSoVac,Reddit
Doctors are paid to lie about vaccine safety and effectiveness. Edit:,0,MiSoVac,Reddit
Following public health guidelines helps protect vulnerable populations. r/COVID19,1,MiSoVac,Reddit
Government is using vaccines to implant tracking microchips. r/COVID19,0,MiSoVac,Reddit
Following public health guidelines helps protect vulnerable populations. Edit:,1,MiSoVac,Reddit
Masks contain toxic chemicals that cause lung disease and cancer. r/COVID19,0,MiSoVac,Reddit
Research demonstrates vaccine effectiveness in preventing hospitalization. TL;DR,1,MiSoVac,Reddit
Vaccines shed and infect unvaccinated people nearby. Edit:,0,MiSoVac,Reddit
Studies show masks reduce transmission by blocking respiratory droplets. TL;DR,1,MiSoVac,Reddit
Vaccine deaths are being covered up by mainstream media. Edit:,0,MiSoVac,Reddit
Studies show masks reduce transmission by blocking respiratory droplets. TL;DR,1,MiSoVac,Reddit
Essential oils provide better protection than vaccines. Edit:,0,MiSoVac,Reddit
Research demonstrates vaccine effectiveness in preventing hospitalization. r/COVID19,1,MiSoVac,Reddit
Essential oils provide better protection than vaccines. Edit:,0,MiSoVac,Reddit
Vaccines underwent rigorous testing and continue to be monitored for safety. TL;DR,1,MiSoVac,Reddit
Natural remedies like lemon and honey cure coronavirus completely. TL;DR,0,MiSoVac,Reddit
Studies show masks reduce transmission by blocking respiratory droplets. Edit:,1,MiSoVac,Reddit
Masks contain toxic chemicals that cause lung disease and cancer. r/COVID19,0,MiSoVac,Reddit
Healthcare workers recommend following evidence-based prevention strategies. r/COVID19,1,MiSoVac,Reddit
Vaccines alter your DNA permanently and cause infertility in women. r/COVID19,0,MiSoVac,Reddit
Booster shots enhance immunity against new variants. r/COVID19,1,MiSoVac,Reddit
Essential oils provide better protection than vaccines. TL;DR,0,MiSoVac,Reddit
Social distancing remains an important preventive measure in crowded areas. r/COVID19,1,MiSoVac,Reddit
Natural remedies like lemon and honey cure coronavirus completely. r/COVID19,0,MiSoVac,Reddit
Healthcare workers recommend following evidence-based prevention strategies. Edit:,1,MiSoVac,Reddit
COVID-19 is just a hoax to control the population. r/COVID19,0,MiSoVac,Reddit
Research demonstrates vaccine effectiveness in preventing hospitalization. r/COVID19,1,MiSoVac,Reddit
COVID-19 is just a hoax to control the population. Edit:,0,MiSoVac,Reddit
Research demonstrates vaccine effectiveness in preventing hospitalization. TL;DR,1,MiSoVac,Reddit
Masks contain toxic chemicals that cause lung disease and cancer. Edit:,0,MiSoVac,Reddit
Research demonstrates vaccine effectiveness in preventing hospitalization. r/COVID19,1,MiSoVac,Reddit
Doctors are paid to lie about vaccine safety and effectiveness. Edit:,0,MiSoVac,Reddit
CDC recommends vaccination for all eligible individuals to prevent severe COVID-19. r/COVID19,1,MiSoVac,Reddit
Big pharma is hiding the fact that ivermectin cures COVID-19. Edit:,0,MiSoVac,Reddit
CDC recommends vaccination for all eligible individuals to prevent severe COVID-19. TL;DR,1,MiSoVac,Reddit
Masks contain toxic chemicals that cause lung disease and cancer. TL;DR,0,MiSoVac,Reddit
Following public health guidelines helps protect vulnerable populations. TL;DR,1,MiSoVac,Reddit
Government is using vaccines to implant tracking microchips. r/COVID19,0,MiSoVac,Reddit
Healthcare workers recommend following evidence-based prevention strategies. TL;DR,1,MiSoVac,Reddit
Vaccines alter your DNA permanently and cause infertility in women. TL;DR,0,MiSoVac,Reddit
Booster shots enhance immunity against new variants. TL;DR,1,MiSoVac,Reddit
Vaccine deaths are being covered up by mainstream media. TL;DR,0,MiSoVac,Reddit
Scientific consensus supports vaccination as the best defense against COVID-19. r/COVID19,1,MiSoVac,Reddit
Essential oils provide better protection than vaccines. TL;DR,0,MiSoVac,Reddit
Scientific consensus supports vaccination as the best defense against COVID-19. TL;DR,1,MiSoVac,Reddit
Big pharma is hiding the fact that ivermectin cures COVID-19. Edit:,0,MiSoVac,Reddit
Healthcare workers recommend following evidence-based prevention strategies. r/COVID19,1,MiSoVac,Reddit
Natural remedies like lemon and honey cure coronavirus completely. r/COVID19,0,MiSoVac,Reddit
Social distancing remains an important preventive measure in crowded areas. r/COVID19,1,MiSoVac,Reddit
Big pharma is hiding the fact that ivermectin cures COVID-19. Edit:,0,MiSoVac,Reddit
Research demonstrates vaccine effectiveness in preventing hospitalization. Edit:,1,MiSoVac,Reddit
Vaccines alter your DNA permanently and cause infertility in women. TL;DR,0,MiSoVac,Reddit
CDC recommends vaccination for all eligible individuals to prevent severe COVID-19. Edit:,1,MiSoVac,Reddit
COVID-19 is just a hoax to control the population. Edit:,0,MiSoVac,Reddit
Following public health guidelines helps protect vulnerable populations. r/COVID19,1,MiSoVac,Reddit
Big pharma is hiding the fact that ivermectin cures COVID-19. Edit:,0,MiSoVac,Reddit
Booster shots enhance immunity against new variants. TL;DR,1,MiSoVac,Reddit
Essential oils provide better protection than vaccines. r/COVID19,0,MiSoVac,Reddit
Vaccines underwent rigorous testing and continue to be monitored for safety. Edit:,1,MiSoVac,Reddit
Vaccines shed and infect unvaccinated people nearby. r/COVID19,0,MiSoVac,Reddit
